datetime,temperature_C,rain_mm,tide_ft,Notice_min,Vessel_Count,Is_Weekend,Day_of_Week,Is_Daylight,Lift_Duration
2025-05-16 02:00:00,8.7,0.1,11.63,65,1,False,4,False,16.013109249295457
2025-05-16 03:00:00,8.2,0.0,11.63,202,1,False,4,False,12.117451484411855
2025-05-16 05:00:00,9.1,0.0,11.63,49,2,False,4,False,13.87483632130189
2025-05-16 06:00:00,10.7,0.0,11.63,94,1,False,4,True,13.557124830868746
2025-05-16 07:00:00,12.6,0.0,11.63,37,2,False,4,True,12.330948926543513
2025-05-16 09:00:00,12.3,0.3,11.63,173,1,False,4,True,14.644051287446766
2025-05-16 10:00:00,13.4,0.2,11.63,171,3,False,4,True,14.300739079279747
2025-05-16 11:00:00,12.8,0.4,11.63,233,3,False,4,True,17.28609708514687
2025-05-16 15:00:00,17.1,0.0,11.63,144,1,False,4,True,13.779037195222225
2025-05-16 16:00:00,14.8,0.0,11.63,172,1,False,4,True,9.188394770405328
2025-05-16 17:00:00,14.9,0.0,11.63,121,1,False,4,True,8.164714573160945
2025-05-16 18:00:00,13.7,0.0,11.63,127,3,False,4,True,15.194192054746273
2025-05-16 19:00:00,12.6,0.0,11.63,95,1,False,4,False,12.830785029948979
2025-05-16 22:00:00,10.2,0.0,11.63,61,3,False,4,False,13.128783658608615
2025-05-16 23:00:00,9.6,0.0,11.63,220,2,False,4,False,15.877879938806307
2025-05-17 00:00:00,9.3,0.0,11.63,115,3,True,5,False,12.289186585732146
2025-05-17 01:00:00,9.4,0.0,11.63,80,3,True,5,False,17.948242960159565
2025-05-17 06:00:00,11.1,0.0,11.63,182,2,True,5,True,12.168796203525272
2025-05-17 07:00:00,13.3,0.0,11.63,215,3,True,5,True,17.151869812204968
2025-05-17 09:00:00,16.0,0.0,11.63,92,1,True,5,True,16.38835210610801
2025-05-17 12:00:00,15.8,0.8,11.63,219,1,True,5,True,19.377589628802316
2025-05-17 13:00:00,12.1,0.4,11.63,154,3,True,5,True,18.42892737738589
2025-05-17 14:00:00,10.9,0.0,11.63,179,1,True,5,True,13.613439873962868
2025-05-17 15:00:00,10.2,0.3,11.63,87,3,True,5,True,21.421578893830873
2025-05-17 18:00:00,10.2,0.0,11.63,87,1,True,5,True,12.58769134854974
2025-05-17 21:00:00,8.3,0.0,11.63,115,1,True,5,False,13.715128649996098
2025-05-17 22:00:00,7.9,0.0,11.63,78,3,True,5,False,17.646061217123968
2025-05-18 07:00:00,11.3,0.0,11.63,209,1,True,6,True,7.603151283942214
2025-05-18 08:00:00,12.3,0.0,11.63,199,3,True,6,True,9.041853718335563
2025-05-18 09:00:00,13.9,0.1,11.63,99,1,True,6,True,7.901919555599749
2025-05-18 11:00:00,12.1,1.2,11.63,44,1,True,6,True,26.326482913888604
2025-05-18 12:00:00,13.9,0.0,11.63,83,2,True,6,True,16.793855639489905
2025-05-18 15:00:00,12.5,0.4,11.63,217,2,True,6,True,19.75589263024007
2025-05-18 18:00:00,10.7,0.1,11.63,130,3,True,6,True,13.185236951049438
2025-05-18 19:00:00,10.8,0.0,11.63,37,2,True,6,False,19.07153886392823
2025-05-18 20:00:00,10.8,0.0,11.63,82,3,True,6,False,11.549746354462771
2025-05-18 21:00:00,10.6,0.0,11.63,89,2,True,6,False,10.741543901612113
2025-05-19 00:00:00,10.3,0.0,11.63,137,1,False,0,False,11.861130752758452
2025-05-19 01:00:00,10.5,0.0,11.63,34,3,False,0,False,15.960163622348269
2025-05-19 03:00:00,10.7,0.0,11.63,132,3,False,0,False,11.918263129764767
2025-05-19 04:00:00,10.6,0.0,11.63,225,1,False,0,False,6.8313947499003085
2025-05-19 05:00:00,10.7,0.0,11.63,35,3,False,0,False,14.77719990121803
2025-05-19 06:00:00,11.4,0.0,11.63,138,3,False,0,True,8.738826248737867
2025-05-19 07:00:00,11.9,0.0,11.63,145,2,False,0,True,13.674181372075097
2025-05-19 09:00:00,12.7,0.0,11.63,123,3,False,0,True,12.91649561524212
2025-05-19 10:00:00,14.3,0.0,11.63,76,1,False,0,True,12.650300534181612
2025-05-19 12:00:00,15.6,0.0,11.63,128,2,False,0,True,10.715332706658266
2025-05-19 14:00:00,13.8,0.1,11.63,84,2,False,0,True,13.35196619527762
2025-05-19 18:00:00,14.3,0.0,11.63,197,1,False,0,True,11.84330225681707
2025-05-19 20:00:00,12.2,0.0,11.63,81,1,False,0,False,17.387855801253096
2025-05-19 21:00:00,11.6,0.0,11.63,173,2,False,0,False,9.53568488416114
2025-05-19 22:00:00,11.2,0.0,11.63,42,3,False,0,False,16.26011628879461
2025-05-20 00:00:00,10.0,0.0,11.63,143,2,False,1,False,10.674355954068897
2025-05-20 01:00:00,10.1,0.0,11.63,153,1,False,1,False,10.01781791934414
2025-05-20 05:00:00,11.1,0.0,11.63,135,2,False,1,False,11.732424100113606
2025-05-20 07:00:00,15.6,0.0,11.63,187,1,False,1,True,9.411894193951564
2025-05-20 08:00:00,17.4,0.0,11.63,176,2,False,1,True,10.615876736632044
2025-05-20 12:00:00,21.0,0.0,11.63,174,3,False,1,True,9.005305268527879
2025-05-20 13:00:00,21.8,0.0,11.63,149,2,False,1,True,16.911812832290973
2025-05-20 14:00:00,22.2,0.0,11.63,92,2,False,1,True,12.088158879929322
2025-05-20 15:00:00,22.7,0.0,11.63,48,1,False,1,True,13.250686230018536
2025-05-20 16:00:00,22.1,0.0,11.63,121,1,False,1,True,12.534949776835555
2025-05-20 17:00:00,21.6,0.0,11.63,87,1,False,1,True,14.719179875772925
2025-05-20 18:00:00,20.3,0.0,11.63,212,2,False,1,True,11.447576001166942
2025-05-20 19:00:00,18.5,0.0,11.63,119,3,False,1,False,13.535416750108563
2025-05-20 20:00:00,17.4,0.0,11.63,146,1,False,1,False,13.893769275118263
2025-05-20 21:00:00,16.6,0.0,11.63,91,1,False,1,False,10.67374713097368
2025-05-20 22:00:00,15.6,0.0,11.63,52,2,False,1,False,13.5604543983883
2025-05-20 23:00:00,14.8,0.0,11.63,156,1,False,1,False,11.31237075712089
2025-05-21 02:00:00,13.7,0.0,11.63,166,3,False,2,False,6.245197088161038
2025-05-21 04:00:00,13.1,0.0,11.63,169,3,False,2,False,8.21202234450362
2025-05-21 05:00:00,13.5,0.0,11.63,158,1,False,2,False,15.417185668611312
2025-05-21 06:00:00,13.9,0.0,11.63,87,1,False,2,True,19.11241928375321
2025-05-21 09:00:00,18.1,0.0,11.63,151,2,False,2,True,11.377409901109054
2025-05-21 12:00:00,20.9,0.0,11.63,30,3,False,2,True,16.441392407639416
2025-05-21 17:00:00,20.1,0.0,11.63,63,3,False,2,True,15.778125386358841
2025-05-21 19:00:00,18.1,0.0,11.63,125,1,False,2,False,19.697202021138096
2025-05-21 20:00:00,16.8,0.0,11.63,155,2,False,2,False,14.798937278586441
2025-05-21 23:00:00,12.5,0.0,11.63,147,3,False,2,False,11.680206021298083
2025-05-22 00:00:00,11.5,0.0,11.63,77,3,False,3,False,12.611148898498936
2025-05-22 01:00:00,10.4,0.0,11.63,118,2,False,3,False,7.983884199356069
2025-05-22 02:00:00,10.1,0.0,11.63,146,2,False,3,False,12.508659089668058
2025-05-22 03:00:00,9.7,0.0,11.63,158,3,False,3,False,10.109123136789242
2025-05-22 04:00:00,9.4,0.0,11.63,45,3,False,3,False,11.444365726005815
2025-05-22 08:00:00,12.9,0.0,11.63,218,2,False,3,True,10.383567789393684
2025-05-22 09:00:00,12.9,0.0,11.63,221,3,False,3,True,9.296129990964012
2025-05-22 10:00:00,13.3,0.0,11.63,220,1,False,3,True,16.21785408768141
2025-05-22 11:00:00,13.4,0.0,11.63,98,1,False,3,True,14.204099392373626
2025-05-22 13:00:00,14.5,0.1,11.63,51,2,False,3,True,15.980068396708457
2025-05-22 14:00:00,15.5,0.0,11.63,122,2,False,3,True,15.699860347225066
2025-05-22 19:00:00,9.7,0.0,11.63,224,2,False,3,False,12.193420769119045
2025-05-22 20:00:00,9.1,0.0,11.63,105,1,False,3,False,9.84678949667934
2025-05-22 21:00:00,8.6,0.0,11.63,183,3,False,3,False,15.807810193174143
2025-05-22 23:00:00,7.8,0.0,11.63,173,1,False,3,False,13.347275109211648
2025-05-23 00:00:00,7.4,0.0,11.63,208,3,False,4,False,9.40688461418386
2025-05-23 04:00:00,5.3,0.0,11.63,115,1,False,4,False,11.52415330479098
2025-05-23 05:00:00,6.6,0.0,11.63,214,3,False,4,False,9.810954366538107
2025-05-23 07:00:00,9.3,0.1,11.63,58,1,False,4,True,12.543000672589159
2025-05-23 08:00:00,9.5,0.1,11.63,235,2,False,4,True,15.315443868829103
2025-05-23 09:00:00,10.3,0.0,11.63,98,1,False,4,True,16.773541601175324
2025-05-23 11:00:00,11.8,0.0,11.63,76,3,False,4,True,11.503581065452147
2025-05-23 12:00:00,11.2,0.3,11.63,123,1,False,4,True,16.40742309172643
2025-05-23 13:00:00,11.3,1.4,11.63,219,1,False,4,True,24.373393577195433
2025-05-23 14:00:00,10.4,0.1,11.63,226,1,False,4,True,11.78218654058826
2025-05-23 15:00:00,11.3,0.0,11.63,233,2,False,4,True,10.519015189402827
2025-05-23 17:00:00,11.6,0.0,11.63,173,1,False,4,True,9.84002307580046
2025-05-24 00:00:00,7.6,0.0,11.63,205,2,True,5,False,12.121304069862067
2025-05-24 01:00:00,6.9,0.0,11.63,114,2,True,5,False,9.922624708972405
2025-05-24 02:00:00,6.6,0.0,11.63,68,1,True,5,False,15.676142064449596
2025-05-24 03:00:00,6.2,0.0,11.63,129,1,True,5,False,11.874404726377158
2025-05-24 04:00:00,6.5,0.0,11.63,62,1,True,5,False,14.402629882833976
2025-05-24 05:00:00,7.6,0.0,11.63,130,3,True,5,False,9.731090844896006
2025-05-24 06:00:00,9.0,0.0,11.63,52,1,True,5,True,13.558071673579168
2025-05-24 07:00:00,10.8,0.1,11.63,39,2,True,5,True,17.88847806456439
2025-05-24 10:00:00,13.1,0.0,11.63,98,1,True,5,True,13.252292969060951
2025-05-24 11:00:00,14.4,0.0,11.63,129,3,True,5,True,9.556111888003622
2025-05-24 16:00:00,16.8,0.0,11.63,63,1,True,5,True,15.248330763573065
2025-05-24 17:00:00,16.4,0.0,11.63,209,3,True,5,True,13.878467808429473
2025-05-24 18:00:00,16.0,0.0,11.63,167,3,True,5,True,7.826486797196571
2025-05-24 19:00:00,14.3,0.0,11.63,176,1,True,5,False,13.358400480949838
2025-05-25 02:00:00,11.4,0.0,11.63,215,2,True,6,False,10.343440602635383
2025-05-25 04:00:00,11.9,0.0,11.63,125,3,True,6,False,13.426496671482898
2025-05-25 06:00:00,13.0,0.0,11.63,30,1,True,6,True,13.091852108643709
2025-05-25 07:00:00,13.7,0.0,11.63,98,1,True,6,True,7.487794748338702
2025-05-25 08:00:00,15.4,0.0,11.63,33,2,True,6,True,10.931143905292092
2025-05-25 09:00:00,15.5,0.0,11.63,45,3,True,6,True,15.120212366653455
2025-05-25 11:00:00,16.8,0.1,11.63,53,3,True,6,True,16.649306254303706
2025-05-25 13:00:00,16.0,0.4,11.63,109,1,True,6,True,13.739208437238979
2025-05-25 15:00:00,15.7,0.5,11.63,31,1,True,6,True,21.596481146943436
2025-05-25 16:00:00,15.8,0.1,11.63,157,2,True,6,True,8.8461998443276
2025-05-25 17:00:00,15.7,0.0,11.63,189,2,True,6,True,11.83480050338171
2025-05-25 18:00:00,15.6,0.1,11.63,113,3,True,6,True,9.972459500593859
2025-05-25 21:00:00,13.8,0.3,11.63,181,3,True,6,False,13.370409730494602
2025-05-25 22:00:00,13.4,0.0,11.63,169,1,True,6,False,12.118496678291034
2025-05-25 23:00:00,13.0,0.0,11.63,207,3,True,6,False,9.84896658679012
2025-05-26 00:00:00,12.5,0.0,11.63,192,2,False,0,False,11.038611139425436
2025-05-26 02:00:00,12.1,0.0,11.63,153,2,False,0,False,14.5157320230361
2025-05-26 05:00:00,12.6,0.1,11.63,62,1,False,0,False,14.557770326192127
2025-05-26 07:00:00,13.8,0.0,11.63,190,2,False,0,True,14.089230280162855
2025-05-26 08:00:00,15.3,0.0,11.63,218,2,False,0,True,9.175732863355954
2025-05-26 09:00:00,16.5,0.0,11.63,208,2,False,0,True,13.324510444788206
2025-05-26 10:00:00,17.8,0.0,11.63,200,2,False,0,True,15.603921551644751
2025-05-26 13:00:00,19.3,0.0,11.63,130,1,False,0,True,5.820888749681776
2025-05-26 14:00:00,19.6,0.0,11.63,41,1,False,0,True,13.007761861323807
2025-05-26 15:00:00,19.7,0.0,11.63,96,3,False,0,True,13.44268031795135
2025-05-26 16:00:00,18.7,0.0,11.63,94,2,False,0,True,11.492386534892518
2025-05-26 18:00:00,17.3,0.0,11.63,190,3,False,0,True,12.927864683428272
2025-05-26 21:00:00,13.6,0.0,11.63,197,1,False,0,False,10.490037033210449
2025-05-26 22:00:00,12.7,0.0,11.63,103,1,False,0,False,12.21647446868225
2025-05-27 01:00:00,10.2,0.0,11.63,72,1,False,1,False,14.610806911519802
2025-05-27 02:00:00,9.9,0.0,11.63,73,1,False,1,False,17.919455154149517
2025-05-27 03:00:00,9.5,0.0,11.63,58,1,False,1,False,15.636052108253033
2025-05-27 07:00:00,15.9,0.0,11.63,170,1,False,1,True,12.844006655188005
2025-05-27 08:00:00,18.0,0.0,11.63,41,1,False,1,True,13.970307584693831
2025-05-27 10:00:00,18.7,0.0,11.63,124,2,False,1,True,10.780984439818766
2025-05-27 14:00:00,20.2,0.0,11.63,75,3,False,1,True,13.918604530450947
2025-05-27 17:00:00,19.5,0.0,11.63,159,1,False,1,True,12.986130355945741
2025-05-27 19:00:00,18.0,0.0,11.63,64,2,False,1,False,13.947538797949342
2025-05-27 20:00:00,17.0,0.0,11.63,110,2,False,1,False,12.724437142241033
2025-05-27 21:00:00,16.4,0.0,11.63,119,3,False,1,False,17.188501996613596
2025-05-27 22:00:00,16.4,0.0,11.63,37,1,False,1,False,17.17781175857923
2025-05-27 23:00:00,16.1,0.0,11.63,122,3,False,1,False,11.184941169580398
2025-05-28 01:00:00,15.0,0.3,11.63,183,1,False,2,False,18.00303480540986
2025-05-28 07:00:00,15.6,0.4,11.63,231,2,False,2,True,14.979811567446122
2025-05-28 08:00:00,16.3,0.6,11.63,119,2,False,2,True,12.904688662055365
2025-05-28 09:00:00,17.3,0.2,11.63,191,2,False,2,True,11.47978422270649
2025-05-28 12:00:00,18.6,0.2,11.63,144,2,False,2,True,9.323020197435362
2025-05-28 13:00:00,18.0,0.1,11.63,134,3,False,2,True,12.12121628989673
2025-05-28 14:00:00,17.5,0.3,11.63,164,1,False,2,True,15.046045947973878
2025-05-28 15:00:00,17.9,0.0,11.63,225,1,False,2,True,16.191093280688207
2025-05-28 16:00:00,17.9,0.0,11.63,87,3,False,2,True,15.817318434410407
2025-05-28 17:00:00,17.2,0.2,11.63,143,1,False,2,True,13.45224867797784
2025-05-29 00:00:00,11.8,0.0,11.63,104,2,False,3,False,14.073513952958724
2025-05-29 02:00:00,10.7,0.0,11.63,186,1,False,3,False,6.472161727480287
2025-05-29 04:00:00,10.4,0.0,11.63,149,2,False,3,False,12.589036395271414
2025-05-29 05:00:00,11.1,0.0,11.63,193,3,False,3,False,13.927162984717416
2025-05-29 06:00:00,12.1,0.0,11.63,50,1,False,3,True,11.303534385550396
2025-05-29 11:00:00,16.8,0.0,11.63,193,3,False,3,True,14.859385108017323
2025-05-29 12:00:00,17.1,0.0,11.63,167,1,False,3,True,12.846241018736036
2025-05-29 13:00:00,17.6,0.0,11.63,130,2,False,3,True,10.961780215247996
2025-05-29 14:00:00,18.2,0.0,11.63,230,3,False,3,True,13.581954665265712
2025-05-29 20:00:00,14.3,0.0,11.63,181,1,False,3,False,17.67673214451099
2025-05-29 21:00:00,13.8,0.0,11.63,221,2,False,3,False,12.454665637646238
2025-05-29 22:00:00,13.7,0.0,11.63,206,3,False,3,False,12.62055146575084
2025-05-29 23:00:00,13.6,0.1,11.63,128,3,False,3,False,11.85159775114939
2025-05-30 00:00:00,13.4,0.2,11.63,65,1,False,4,False,14.87538907633802
2025-05-30 01:00:00,13.3,0.9,11.63,239,1,False,4,False,23.075839541360615
2025-05-30 02:00:00,13.3,1.1,11.63,125,1,False,4,False,20.859790435227833
2025-05-30 03:00:00,13.8,0.4,11.63,181,2,False,4,False,16.17891559304848
2025-05-30 04:00:00,14.4,0.0,11.63,180,1,False,4,False,10.805856383087209
2025-05-30 05:00:00,15.3,0.0,11.63,219,3,False,4,False,13.19744956436598
2025-05-30 06:00:00,16.4,0.0,-0.9,66,3,False,4,True,13.83415526321737
2025-05-30 08:00:00,18.6,0.1,-0.9,41,1,False,4,True,16.59384986064475
2025-05-30 10:00:00,20.6,0.5,-0.9,142,1,False,4,True,13.724959002863132
2025-05-30 11:00:00,21.4,0.1,-0.9,212,3,False,4,True,10.325312661766572
2025-05-30 15:00:00,22.7,0.0,9.87,42,2,False,4,True,12.553090710544232
2025-05-30 18:00:00,21.7,0.0,0.67,52,1,False,4,True,11.88926684980972
2025-05-30 19:00:00,20.2,0.0,0.67,128,1,False,4,False,10.94325123261213
2025-05-30 20:00:00,19.0,0.0,0.67,134,3,False,4,False,11.89247154161338
2025-05-30 22:00:00,17.1,0.0,0.67,59,1,False,4,False,10.694586689555937
